{
  "SOLAPUR_PROBE_TOP": 190.3075696042575,
  "SOLAPUR_PROBE_MID": 257.29798119338227,
  "SOLAPUR_PROBE_BOTTOM": 635.4561129133563,
  "SOLAPUR_HELMET_001": 193.01681905666857,
  "SOLAPUR_HELMET_002": 187.7915936410539,
  "SOLAPUR_BAND_001": 187.36310614875745,
  "SOLAPUR_BAND_002": 186.8056273560368,
  "SOLAPUR_BADGE_001": 184.71689045496242,
  "SOLAPUR_BADGE_002": 175.3191564325959,
  "SOLAPUR_PANIC_001": 143.63329257943357
}